Player_ID,national_caps,league_titles,ucl_titles,season_awards,starter_ratio
93810,73.0,4.0,1.0,6.0,0.87
24592,57.0,,1.0,5.0,0.78
13278,95.0,5.0,2.0,8.0,
46048,48.0,2.0,1.0,4.0,
42098,36.0,,1.0,,
39256,0.0,0.0,0.0,0.0,0.5
28289,,3.0,1.0,5.0,0.8
23434,87.0,4.0,2.0,,0.93
98696,32.0,2.0,1.0,3.0,0.66
81482,7.0,0.0,0.0,1.0,0.53
21395,3.0,,0.0,0.0,0.51
87397,67.0,3.0,1.0,5.0,0.83
65302,77.0,4.0,2.0,6.0,0.88
14165,80.0,4.0,2.0,6.0,0.9
13905,0.0,0.0,0.0,0.0,0.5
22280,42.0,2.0,1.0,3.0,0.71
38657,92.0,5.0,2.0,7.0,
40495,0.0,0.0,0.0,0.0,
76237,24.0,1.0,0.0,2.0,0.62
88907,40.0,2.0,1.0,3.0,0.7
13478,31.0,2.0,1.0,2.0,0.65
83563,15.0,1.0,0.0,,0.57
36062,,,1.0,5.0,0.83
95181,76.0,4.0,2.0,6.0,0.88
81426,75.0,4.0,2.0,6.0,0.88
64987,98.0,5.0,2.0,8.0,0.99
38893,16.0,1.0,0.0,1.0,
68878,74.0,4.0,1.0,6.0,0.87
87236,66.0,3.0,,5.0,0.83
46463,28.0,1.0,1.0,2.0,0.64
10851,4.0,0.0,,0.0,0.52
30926,5.0,0.0,0.0,0.0,0.52
65392,,3.0,,,0.78
54597,29.0,1.0,1.0,2.0,0.64
46421,,3.0,1.0,,0.83
30379,0.0,0.0,0.0,0.0,0.5
38221,,2.0,1.0,3.0,0.66
54118,6.0,0.0,0.0,0.0,0.53
23396,71.0,4.0,1.0,6.0,0.85
22156,99.0,5.0,2.0,8.0,1.0
59797,32.0,2.0,1.0,,0.66
22676,0.0,0.0,0.0,0.0,0.5
57052,19.0,1.0,0.0,1.0,0.59
55082,45.0,2.0,1.0,4.0,0.72
89131,43.0,2.0,1.0,3.0,0.72
44671,70.0,3.0,1.0,6.0,0.85
15695,5.0,0.0,0.0,0.0,0.52
70217,5.0,0.0,0.0,0.0,0.53
80284,46.0,2.0,1.0,4.0,0.73
26361,16.0,1.0,,1.0,0.58
59615,16.0,1.0,0.0,1.0,0.58
20328,,5.0,2.0,8.0,0.97
82357,84.0,4.0,,7.0,0.92
48427,29.0,1.0,1.0,,0.65
92397,,3.0,1.0,6.0,0.85
91070,79.0,4.0,2.0,6.0,0.9
57400,88.0,4.0,2.0,7.0,0.94
85674,0.0,0.0,0.0,0.0,0.5
35203,80.0,4.0,2.0,6.0,0.9
19116,84.0,4.0,2.0,7.0,0.92
16006,,,2.0,8.0,0.98
96673,,0.0,0.0,0.0,0.5
39871,31.0,2.0,1.0,2.0,0.66
47930,49.0,2.0,,4.0,0.74
20458,80.0,4.0,,,0.9
40512,27.0,1.0,1.0,2.0,0.63
23238,,0.0,0.0,1.0,
59823,84.0,4.0,2.0,7.0,0.92
46434,83.0,4.0,2.0,7.0,0.92
69429,63.0,3.0,1.0,5.0,0.82
93320,59.0,3.0,1.0,5.0,0.79
57819,0.0,0.0,0.0,0.0,0.5
31319,0.0,0.0,0.0,0.0,0.5
58520,87.0,4.0,2.0,7.0,0.94
56566,5.0,0.0,0.0,0.0,0.52
37460,34.0,2.0,1.0,3.0,
97841,0.0,0.0,0.0,0.0,0.5
44993,0.0,0.0,0.0,0.0,0.5
99593,39.0,2.0,1.0,3.0,0.7
94939,83.0,4.0,2.0,7.0,0.91
19358,,4.0,1.0,6.0,0.86
89840,93.0,5.0,2.0,7.0,0.96
93227,33.0,2.0,,3.0,0.67
32431,2.0,0.0,0.0,0.0,0.51
80010,0.0,0.0,0.0,0.0,0.5
42087,91.0,5.0,2.0,7.0,0.95
31417,0.0,0.0,0.0,0.0,0.5
70589,1.0,0.0,0.0,0.0,0.5
59735,28.0,1.0,,2.0,0.64
45382,23.0,1.0,0.0,2.0,0.61
93886,3.0,0.0,,0.0,0.51
83000,93.0,5.0,2.0,7.0,0.96
38785,16.0,1.0,0.0,1.0,0.58
99733,5.0,0.0,0.0,0.0,0.52
52504,85.0,4.0,2.0,7.0,
17331,0.0,,0.0,0.0,0.5
40021,,3.0,1.0,4.0,
14207,32.0,2.0,1.0,3.0,0.66
51347,77.0,4.0,2.0,6.0,0.88
62581,69.0,3.0,1.0,6.0,0.85
45093,50.0,3.0,1.0,4.0,0.75
18675,,4.0,2.0,6.0,0.88
37653,0.0,0.0,0.0,0.0,0.5
84341,90.0,4.0,2.0,7.0,0.95
51245,46.0,2.0,1.0,4.0,0.73
37869,16.0,1.0,0.0,1.0,0.58
95909,71.0,4.0,1.0,6.0,0.85
75435,78.0,4.0,2.0,6.0,0.89
61856,32.0,2.0,1.0,3.0,0.66
94259,41.0,2.0,1.0,3.0,0.71
70142,8.0,0.0,0.0,1.0,0.54
28726,62.0,3.0,1.0,5.0,0.81
44718,26.0,1.0,1.0,,0.63
28301,,2.0,1.0,4.0,0.74
42325,24.0,1.0,,2.0,0.62
83579,68.0,3.0,1.0,5.0,0.84
80644,66.0,3.0,1.0,5.0,0.83
44438,12.0,1.0,0.0,1.0,0.56
86622,89.0,,2.0,,0.95
66155,16.0,,0.0,1.0,0.58
86484,64.0,3.0,1.0,5.0,0.82
62350,34.0,2.0,1.0,3.0,0.67
57447,28.0,1.0,1.0,2.0,0.64
38746,0.0,,0.0,,0.5
28131,58.0,3.0,1.0,5.0,0.79
76784,9.0,0.0,0.0,1.0,0.55
74686,87.0,4.0,2.0,7.0,0.93
21915,0.0,0.0,0.0,,0.5
16175,16.0,1.0,0.0,1.0,0.58
24371,67.0,3.0,1.0,5.0,0.83
30033,,3.0,1.0,4.0,0.76
92240,10.0,0.0,0.0,1.0,0.55
30969,7.0,0.0,0.0,1.0,0.54
99192,,0.0,0.0,0.0,0.5
65333,56.0,3.0,1.0,5.0,
88172,96.0,5.0,,8.0,0.98
18326,65.0,3.0,1.0,5.0,0.82
60432,84.0,,2.0,7.0,0.92
60019,73.0,4.0,1.0,6.0,0.86
88104,62.0,,1.0,5.0,0.81
71348,59.0,3.0,1.0,5.0,0.79
79352,77.0,,2.0,6.0,0.89
42953,47.0,2.0,1.0,4.0,0.74
82512,71.0,4.0,1.0,6.0,0.86
11504,67.0,,1.0,,0.83
99166,88.0,4.0,2.0,7.0,0.94
25014,88.0,4.0,2.0,7.0,0.94
99353,18.0,1.0,0.0,1.0,0.59
80381,8.0,,0.0,1.0,0.54
44973,73.0,,1.0,6.0,0.86
94012,79.0,4.0,2.0,6.0,
54587,41.0,2.0,1.0,3.0,0.7
24621,,1.0,0.0,1.0,0.57
48469,69.0,3.0,1.0,6.0,0.85
66985,96.0,5.0,2.0,8.0,0.98
30730,88.0,4.0,2.0,7.0,0.94
69470,94.0,5.0,2.0,8.0,
10425,,4.0,2.0,7.0,0.92
44522,27.0,1.0,1.0,2.0,
75612,,0.0,0.0,1.0,
33416,,1.0,1.0,2.0,0.64
76542,68.0,3.0,1.0,5.0,0.84
23947,0.0,0.0,,,0.5
91959,0.0,0.0,0.0,0.0,0.5
49117,34.0,2.0,1.0,3.0,0.67
93748,8.0,0.0,0.0,1.0,0.54
76540,40.0,2.0,1.0,3.0,0.7
89818,0.0,0.0,0.0,0.0,0.5
36071,66.0,3.0,1.0,5.0,0.83
30032,,0.0,0.0,0.0,0.5
59009,18.0,1.0,0.0,1.0,
31174,,2.0,1.0,3.0,
80697,5.0,0.0,0.0,0.0,
79514,,4.0,2.0,6.0,
10074,22.0,1.0,0.0,2.0,
88504,19.0,1.0,0.0,1.0,0.59
52487,81.0,4.0,2.0,7.0,0.91
74042,67.0,3.0,1.0,5.0,0.84
12552,27.0,1.0,1.0,2.0,
24662,0.0,,0.0,0.0,0.5
57576,53.0,3.0,1.0,4.0,0.76
50306,10.0,0.0,0.0,1.0,0.55
41385,11.0,1.0,0.0,,0.55
17592,27.0,1.0,1.0,2.0,0.64
41571,34.0,2.0,1.0,3.0,0.67
84364,94.0,5.0,2.0,8.0,0.97
20322,92.0,5.0,2.0,7.0,0.96
21226,86.0,4.0,2.0,7.0,0.93
73699,5.0,0.0,0.0,0.0,
19071,73.0,4.0,1.0,,
79822,19.0,1.0,0.0,2.0,0.6
26483,42.0,2.0,1.0,3.0,0.71
26828,71.0,4.0,1.0,6.0,0.85
96474,14.0,,0.0,1.0,0.57
72296,42.0,2.0,1.0,3.0,0.71
82063,,5.0,2.0,7.0,0.96
31643,0.0,0.0,0.0,,0.5
44741,84.0,4.0,2.0,7.0,0.92
79163,,2.0,1.0,3.0,0.68
89507,4.0,0.0,0.0,0.0,0.52
65461,70.0,,1.0,,0.85
37760,29.0,1.0,1.0,2.0,0.65
80686,20.0,1.0,0.0,2.0,0.6
36365,,0.0,0.0,0.0,0.5
50857,,,1.0,3.0,0.66
62296,7.0,0.0,0.0,,
98039,0.0,0.0,0.0,0.0,0.5
95180,28.0,1.0,1.0,2.0,0.64
58944,95.0,5.0,2.0,8.0,0.98
67422,0.0,0.0,0.0,0.0,0.5
77839,83.0,4.0,2.0,7.0,0.91
69177,2.0,0.0,0.0,0.0,0.51
25860,14.0,,0.0,1.0,0.57
42493,96.0,5.0,2.0,8.0,0.98
39451,18.0,1.0,0.0,1.0,0.59
18392,82.0,4.0,2.0,7.0,0.91
54313,24.0,1.0,0.0,2.0,0.62
12757,41.0,2.0,1.0,3.0,0.7
87110,,1.0,0.0,1.0,0.56
82603,79.0,4.0,2.0,6.0,0.9
40161,71.0,4.0,1.0,6.0,0.85
87128,42.0,2.0,1.0,3.0,0.71
38864,74.0,4.0,1.0,6.0,0.87
10942,95.0,5.0,2.0,8.0,0.98
19305,52.0,3.0,1.0,4.0,0.76
92719,10.0,0.0,0.0,1.0,0.55
17716,43.0,2.0,1.0,3.0,0.72
40007,35.0,2.0,,3.0,0.67
18834,0.0,0.0,0.0,0.0,0.5
14117,85.0,4.0,2.0,7.0,0.92
53309,2.0,0.0,0.0,0.0,0.51
19287,0.0,0.0,0.0,0.0,0.5
77391,11.0,1.0,0.0,1.0,0.55
41195,0.0,0.0,0.0,0.0,0.5
46500,,,,,0.72
97684,71.0,4.0,1.0,6.0,0.86
73624,79.0,4.0,2.0,6.0,0.89
38080,35.0,2.0,1.0,3.0,0.68
80678,56.0,,1.0,4.0,0.78
27342,,,2.0,6.0,0.88
84847,94.0,5.0,,8.0,0.97
85525,96.0,,2.0,8.0,0.98
71953,100.0,5.0,,8.0,1.0
41850,55.0,3.0,1.0,4.0,
71993,31.0,2.0,,2.0,0.65
63354,96.0,5.0,2.0,8.0,0.98
34957,40.0,2.0,1.0,3.0,
22363,81.0,4.0,2.0,7.0,0.91
22704,88.0,4.0,2.0,7.0,0.94
96374,100.0,5.0,2.0,,
66498,81.0,4.0,2.0,6.0,
56438,44.0,,1.0,4.0,0.72
65519,71.0,4.0,1.0,6.0,0.86
63883,46.0,,1.0,4.0,0.73
71213,83.0,4.0,2.0,7.0,0.92
17100,73.0,4.0,1.0,6.0,0.87
98259,73.0,4.0,,6.0,0.87
95649,43.0,2.0,1.0,3.0,0.72
94696,69.0,3.0,1.0,6.0,0.85
22899,,2.0,1.0,3.0,0.69
17944,73.0,4.0,1.0,6.0,0.86
62772,39.0,2.0,1.0,3.0,0.69
54473,89.0,4.0,,7.0,
24322,49.0,2.0,,4.0,
42591,63.0,3.0,1.0,,0.82
35112,46.0,2.0,1.0,4.0,0.73
34931,28.0,1.0,1.0,2.0,0.64
80292,3.0,0.0,0.0,0.0,0.52
68800,6.0,0.0,0.0,1.0,
28373,29.0,1.0,1.0,2.0,0.64
65296,0.0,0.0,0.0,0.0,0.5
34050,44.0,2.0,1.0,,0.72
46509,13.0,1.0,0.0,,0.56
70637,,1.0,0.0,1.0,0.58
42742,0.0,0.0,0.0,0.0,0.5
19880,12.0,1.0,0.0,1.0,0.56
68082,50.0,3.0,1.0,4.0,
82132,53.0,3.0,1.0,4.0,0.76
22833,26.0,1.0,1.0,2.0,
16630,17.0,1.0,,1.0,0.58
95477,92.0,5.0,2.0,7.0,0.96
80855,41.0,2.0,1.0,3.0,0.71
11934,0.0,0.0,0.0,0.0,
22224,51.0,3.0,1.0,4.0,0.75
40982,,0.0,0.0,0.0,0.53
31798,18.0,,0.0,1.0,0.59
63269,5.0,0.0,0.0,,0.52
73653,87.0,4.0,,7.0,0.94
73092,,1.0,0.0,1.0,0.57
38016,67.0,3.0,1.0,,0.83
62565,72.0,4.0,,6.0,0.86
17685,0.0,0.0,0.0,0.0,0.5
31579,11.0,,0.0,1.0,0.56
59672,12.0,1.0,0.0,1.0,0.56
10282,92.0,5.0,,,0.96
61173,6.0,0.0,0.0,1.0,0.53
44760,0.0,0.0,0.0,0.0,0.5
69638,75.0,4.0,1.0,6.0,0.87
47388,0.0,0.0,0.0,0.0,0.5
65444,8.0,,0.0,1.0,0.54
82845,3.0,0.0,0.0,,
96752,0.0,,0.0,0.0,0.5
73788,36.0,2.0,1.0,3.0,0.68
30289,91.0,5.0,2.0,7.0,0.95
34890,65.0,3.0,1.0,5.0,
48890,88.0,4.0,2.0,7.0,0.94
38534,63.0,,1.0,5.0,0.81
17665,28.0,1.0,1.0,2.0,0.64
85914,96.0,5.0,2.0,8.0,0.98
81066,47.0,2.0,1.0,4.0,0.74
17989,20.0,1.0,0.0,2.0,0.6
51104,7.0,0.0,0.0,,0.54
17492,28.0,1.0,1.0,2.0,0.64
16572,60.0,,1.0,5.0,0.8
86569,12.0,1.0,0.0,1.0,0.56
72493,0.0,,,0.0,0.5
75909,35.0,2.0,,3.0,0.68
79615,85.0,4.0,2.0,7.0,0.92
30635,86.0,4.0,2.0,7.0,0.93
17455,19.0,1.0,,1.0,0.59
76562,27.0,,1.0,2.0,0.64
20500,,,1.0,6.0,
34356,32.0,2.0,1.0,3.0,0.66
18981,18.0,1.0,0.0,1.0,0.59
87992,,0.0,0.0,0.0,
18907,0.0,0.0,0.0,0.0,0.5
98501,14.0,1.0,0.0,,0.57
40828,25.0,1.0,,2.0,0.62
62923,36.0,2.0,1.0,3.0,0.68
25713,87.0,4.0,2.0,7.0,0.94
84668,,0.0,0.0,0.0,0.5
42271,,4.0,,6.0,0.88
85880,5.0,0.0,0.0,0.0,0.52
87924,22.0,1.0,0.0,2.0,0.61
15209,0.0,0.0,0.0,0.0,0.5
91183,0.0,0.0,0.0,0.0,0.5
20745,69.0,,1.0,6.0,0.85
64948,97.0,,2.0,8.0,0.98
96163,43.0,2.0,1.0,,0.72
86503,72.0,4.0,,6.0,0.86
84085,,3.0,1.0,5.0,0.79
78522,58.0,,1.0,5.0,
51467,0.0,0.0,0.0,0.0,
44179,,4.0,2.0,7.0,0.95
36772,79.0,4.0,,,0.9
97782,12.0,1.0,0.0,1.0,0.56
51180,23.0,1.0,0.0,2.0,0.62
41285,0.0,0.0,,,0.5
44814,66.0,3.0,1.0,5.0,0.83
61876,38.0,2.0,,3.0,0.69
27154,33.0,,1.0,3.0,0.66
94607,2.0,0.0,0.0,0.0,0.51
49321,91.0,5.0,2.0,7.0,0.96
69929,71.0,4.0,1.0,6.0,0.85
51441,53.0,3.0,1.0,4.0,
19508,98.0,,2.0,8.0,0.99
11220,1.0,0.0,0.0,0.0,0.51
70068,8.0,0.0,0.0,1.0,0.54
91416,0.0,0.0,0.0,0.0,0.5
83792,0.0,0.0,0.0,0.0,0.5
23104,83.0,4.0,2.0,7.0,0.92
19602,76.0,4.0,2.0,6.0,0.88
80468,0.0,0.0,0.0,0.0,0.5
37938,0.0,0.0,0.0,0.0,0.5
76307,8.0,,0.0,1.0,0.54
27361,58.0,3.0,1.0,5.0,0.79
55745,0.0,0.0,0.0,0.0,0.5
19016,36.0,2.0,1.0,3.0,0.68
42018,96.0,5.0,2.0,8.0,0.98
58434,75.0,4.0,1.0,,0.87
47353,0.0,0.0,0.0,0.0,0.5
30676,18.0,1.0,0.0,1.0,0.59
67433,90.0,4.0,2.0,7.0,0.95
81200,31.0,2.0,1.0,2.0,0.65
49651,7.0,0.0,0.0,1.0,0.54
90173,8.0,0.0,0.0,1.0,0.54
95717,32.0,2.0,1.0,3.0,0.66
79329,31.0,2.0,1.0,2.0,0.65
11025,,3.0,1.0,5.0,0.83
97538,56.0,3.0,1.0,4.0,0.78
82692,72.0,4.0,1.0,6.0,0.86
49240,46.0,2.0,1.0,,0.73
96951,25.0,1.0,0.0,2.0,0.62
23577,0.0,0.0,0.0,0.0,0.5
27601,0.0,0.0,,0.0,0.5
44664,13.0,1.0,0.0,1.0,0.56
25129,87.0,4.0,2.0,7.0,0.93
24029,3.0,0.0,0.0,0.0,0.51
30374,,5.0,2.0,7.0,0.96
45697,79.0,4.0,2.0,6.0,0.89
46930,67.0,3.0,,5.0,0.84
89276,,2.0,1.0,3.0,0.67
37607,2.0,0.0,0.0,0.0,
54942,80.0,4.0,2.0,6.0,0.9
36685,100.0,5.0,2.0,,1.0
93130,83.0,4.0,2.0,,0.92
44600,61.0,3.0,1.0,5.0,0.81
76244,0.0,0.0,0.0,0.0,0.5
74032,21.0,,0.0,2.0,0.61
42914,96.0,5.0,2.0,8.0,0.98
16658,51.0,3.0,1.0,4.0,0.75
22097,8.0,0.0,0.0,1.0,0.54
93136,47.0,2.0,1.0,4.0,0.74
65518,0.0,0.0,0.0,0.0,0.5
46265,65.0,3.0,1.0,5.0,0.83
15778,89.0,4.0,2.0,7.0,
10464,2.0,0.0,0.0,0.0,0.51
53719,0.0,0.0,0.0,0.0,0.5
27146,50.0,2.0,1.0,4.0,
93507,4.0,0.0,0.0,,0.52
44335,0.0,0.0,,0.0,0.5
31178,67.0,3.0,1.0,5.0,0.84
67912,17.0,1.0,0.0,1.0,0.58
82309,,4.0,2.0,7.0,0.92
66057,0.0,0.0,0.0,0.0,0.5
83519,0.0,0.0,0.0,0.0,0.5
11267,73.0,,1.0,6.0,0.87
24663,80.0,4.0,2.0,6.0,0.9
19862,46.0,2.0,1.0,4.0,0.73
29536,42.0,2.0,1.0,3.0,0.71
81511,73.0,4.0,1.0,6.0,0.87
14722,52.0,3.0,1.0,4.0,0.76
58393,52.0,3.0,1.0,4.0,0.76
86350,20.0,1.0,0.0,2.0,0.6
82420,76.0,4.0,2.0,6.0,0.88
29410,78.0,4.0,2.0,6.0,0.89
66333,39.0,2.0,1.0,,0.7
26704,25.0,1.0,,2.0,0.62
15482,18.0,1.0,0.0,1.0,
50404,55.0,,1.0,4.0,0.77
57795,33.0,2.0,1.0,,0.67
15229,7.0,0.0,0.0,1.0,0.54
56898,0.0,0.0,0.0,0.0,0.5
37535,43.0,2.0,1.0,3.0,0.72
99399,70.0,4.0,1.0,,0.85
42706,57.0,3.0,1.0,5.0,0.79
97416,90.0,,2.0,,0.95
23473,65.0,3.0,1.0,5.0,0.82
56357,78.0,4.0,2.0,6.0,0.89
83385,0.0,0.0,0.0,0.0,0.5
63264,,4.0,2.0,7.0,0.94
91351,,5.0,2.0,8.0,0.97
30257,28.0,1.0,1.0,2.0,0.64
41029,66.0,3.0,1.0,,0.83
31299,56.0,3.0,1.0,4.0,0.78
33206,20.0,1.0,0.0,2.0,0.6
64040,42.0,2.0,1.0,3.0,0.71
13248,34.0,2.0,1.0,3.0,0.67
33509,58.0,3.0,1.0,5.0,0.79
53540,70.0,4.0,1.0,6.0,0.85
63964,76.0,4.0,2.0,,0.88
97806,,1.0,,1.0,0.58
42527,44.0,2.0,1.0,3.0,
44970,54.0,,1.0,4.0,0.77
30866,,2.0,1.0,3.0,0.68
24168,65.0,3.0,1.0,5.0,0.83
60140,0.0,0.0,0.0,,0.5
15075,33.0,2.0,1.0,3.0,0.67
71694,,1.0,0.0,2.0,0.61
39154,44.0,2.0,1.0,4.0,0.72
36158,,0.0,0.0,0.0,
70332,70.0,,1.0,6.0,0.85
55830,,5.0,,8.0,0.99
50001,93.0,5.0,2.0,7.0,0.96
39831,0.0,0.0,0.0,0.0,0.5
39219,91.0,5.0,2.0,7.0,0.95
13101,49.0,2.0,,4.0,0.75
96511,28.0,1.0,,2.0,0.64
35313,28.0,,1.0,2.0,0.64
62227,14.0,1.0,,1.0,0.57
53025,71.0,4.0,1.0,6.0,0.86
46517,31.0,2.0,1.0,,
19099,78.0,4.0,2.0,,0.89
46585,31.0,2.0,1.0,2.0,0.66
56025,63.0,3.0,1.0,,0.81
94080,0.0,0.0,,0.0,
76768,,4.0,1.0,,0.87
62386,0.0,0.0,0.0,0.0,
99065,5.0,0.0,0.0,0.0,0.53
80282,,0.0,0.0,,0.5
53404,65.0,3.0,1.0,5.0,0.83
13617,93.0,5.0,2.0,7.0,
25118,79.0,4.0,2.0,6.0,0.9
44237,,,,5.0,0.81
33405,38.0,2.0,1.0,3.0,0.69
86099,0.0,0.0,,0.0,0.5
44795,68.0,3.0,1.0,,0.84
15014,27.0,1.0,1.0,2.0,
24208,24.0,1.0,0.0,,0.62
88193,0.0,0.0,0.0,0.0,0.5
66959,0.0,0.0,0.0,0.0,0.5
55309,58.0,3.0,1.0,5.0,
51114,74.0,,1.0,6.0,0.87
67199,87.0,4.0,2.0,,0.93
89457,0.0,0.0,0.0,0.0,
77033,0.0,0.0,0.0,0.0,0.5
25157,58.0,3.0,,,
60488,47.0,2.0,1.0,4.0,
85574,43.0,2.0,1.0,3.0,0.71
34914,92.0,5.0,2.0,7.0,0.96
43386,9.0,0.0,0.0,1.0,0.55
15817,57.0,3.0,1.0,5.0,0.79
67154,0.0,0.0,0.0,0.0,0.5
10221,,,0.0,2.0,0.62
78146,0.0,0.0,0.0,0.0,
80575,6.0,0.0,0.0,1.0,0.53
97900,0.0,0.0,0.0,,0.5
35825,5.0,0.0,0.0,0.0,0.52
57739,17.0,1.0,0.0,1.0,0.59
66531,14.0,1.0,0.0,1.0,0.57
19171,94.0,5.0,2.0,8.0,0.97
97062,24.0,1.0,0.0,,0.62
53279,79.0,4.0,2.0,6.0,0.9
91678,0.0,0.0,0.0,0.0,0.5
51145,2.0,0.0,0.0,0.0,0.51
26334,92.0,5.0,2.0,7.0,0.96
49363,41.0,2.0,1.0,3.0,0.7
76469,,2.0,1.0,4.0,0.73
50538,94.0,5.0,2.0,8.0,0.97
97410,79.0,4.0,2.0,6.0,0.89
63528,12.0,,0.0,1.0,0.56
52753,89.0,,2.0,7.0,0.95
62743,36.0,2.0,1.0,3.0,0.68
48752,0.0,0.0,0.0,0.0,0.5
82667,75.0,4.0,2.0,6.0,0.88
26683,52.0,3.0,1.0,4.0,0.76
35144,37.0,2.0,1.0,3.0,0.69
65108,62.0,3.0,1.0,5.0,0.81
97153,19.0,1.0,0.0,2.0,0.6
59695,84.0,4.0,2.0,7.0,0.92
98777,44.0,2.0,1.0,3.0,0.72
32810,0.0,0.0,0.0,0.0,0.5
90676,39.0,2.0,1.0,3.0,
84593,,1.0,0.0,1.0,0.56
49446,,4.0,2.0,,0.89
63225,68.0,,,5.0,0.84
81819,40.0,2.0,1.0,3.0,0.7
10053,19.0,1.0,0.0,2.0,0.59
49829,30.0,2.0,,,0.65
47606,18.0,1.0,0.0,1.0,0.59
37549,61.0,3.0,1.0,5.0,0.81
66346,51.0,3.0,1.0,4.0,0.76
86019,0.0,0.0,0.0,0.0,0.5
89516,58.0,3.0,1.0,5.0,0.79
95813,,4.0,2.0,7.0,0.94
52237,0.0,0.0,0.0,,0.5
70946,10.0,0.0,0.0,1.0,0.55
67905,91.0,,,7.0,0.96
67954,62.0,3.0,1.0,5.0,0.81
98555,53.0,3.0,1.0,,0.77
38010,25.0,1.0,0.0,2.0,0.62
77000,63.0,,1.0,5.0,0.81
72021,36.0,2.0,1.0,3.0,0.68
32241,21.0,1.0,0.0,2.0,
96356,28.0,1.0,1.0,,0.64
21114,0.0,0.0,0.0,0.0,0.5
47196,0.0,0.0,0.0,0.0,0.5
77561,,0.0,0.0,0.0,0.5
97012,,4.0,2.0,7.0,0.91
92960,41.0,2.0,1.0,3.0,
91167,63.0,3.0,1.0,5.0,0.81
53933,56.0,,1.0,4.0,
22240,55.0,3.0,1.0,4.0,0.77
40784,90.0,4.0,2.0,7.0,0.95
98184,53.0,3.0,1.0,4.0,0.76
50687,71.0,4.0,,6.0,0.86
39444,68.0,3.0,1.0,5.0,0.84
36100,49.0,2.0,,4.0,0.74
29313,98.0,5.0,2.0,8.0,0.99
13201,89.0,4.0,2.0,7.0,0.94
16057,51.0,3.0,1.0,4.0,0.76
42092,51.0,3.0,1.0,4.0,0.75
72277,6.0,,0.0,,0.53
90120,,2.0,1.0,4.0,0.75
19545,76.0,4.0,2.0,6.0,0.88
69692,0.0,0.0,0.0,0.0,0.5
64321,79.0,4.0,2.0,6.0,0.89
92544,20.0,1.0,0.0,2.0,0.6
85454,11.0,1.0,0.0,1.0,0.56
35485,31.0,2.0,1.0,2.0,0.65
60328,20.0,1.0,0.0,2.0,0.6
74799,0.0,0.0,0.0,0.0,0.5
62383,86.0,4.0,2.0,7.0,0.93
41979,77.0,4.0,2.0,6.0,0.89
29342,57.0,3.0,1.0,5.0,0.79
95990,,3.0,1.0,6.0,
10726,21.0,1.0,0.0,,0.61
23970,21.0,1.0,0.0,,0.6
65724,36.0,2.0,1.0,3.0,0.68
38683,19.0,,0.0,1.0,0.59
33053,6.0,0.0,0.0,0.0,0.53
77889,0.0,,0.0,0.0,0.5
70889,36.0,2.0,1.0,3.0,0.68
16582,,3.0,1.0,4.0,0.75
83060,93.0,5.0,2.0,7.0,0.97
42662,96.0,5.0,2.0,8.0,0.98
25906,8.0,0.0,0.0,1.0,0.54
69829,48.0,2.0,1.0,,0.74
27477,16.0,1.0,0.0,1.0,
70901,32.0,2.0,,3.0,0.66
97500,72.0,4.0,1.0,6.0,0.86
79616,38.0,2.0,1.0,3.0,0.69
83259,64.0,3.0,1.0,5.0,0.82
88047,,4.0,2.0,6.0,0.88
51588,30.0,1.0,1.0,2.0,0.65
68008,11.0,1.0,0.0,1.0,0.56
90301,39.0,2.0,1.0,3.0,0.7
76162,57.0,3.0,1.0,5.0,0.79
65933,50.0,3.0,1.0,4.0,0.75
81810,,0.0,0.0,1.0,0.55
68446,48.0,2.0,,4.0,0.74
30861,17.0,1.0,0.0,1.0,0.59
72216,38.0,2.0,1.0,3.0,0.69
68991,79.0,4.0,2.0,6.0,0.89
43972,84.0,4.0,2.0,7.0,0.92
42406,,1.0,0.0,1.0,0.56
93579,85.0,4.0,2.0,7.0,0.93
46347,60.0,3.0,1.0,5.0,0.8
78327,72.0,,1.0,6.0,0.86
73517,54.0,3.0,1.0,4.0,0.77
92149,60.0,3.0,,5.0,0.8
41358,,4.0,2.0,7.0,0.91
45992,27.0,1.0,1.0,,0.63
67654,74.0,4.0,1.0,6.0,0.87
20155,25.0,1.0,0.0,2.0,
47450,99.0,5.0,2.0,8.0,1.0
40735,0.0,0.0,0.0,0.0,0.5
45614,94.0,5.0,2.0,8.0,0.97
54020,60.0,3.0,,5.0,
51904,29.0,1.0,1.0,2.0,0.65
80798,37.0,2.0,1.0,3.0,0.69
20561,10.0,1.0,0.0,1.0,0.55
28136,,4.0,1.0,6.0,0.86
29769,31.0,2.0,1.0,2.0,0.65
40311,0.0,0.0,0.0,0.0,0.5
60205,16.0,1.0,0.0,,0.58
30028,95.0,5.0,2.0,8.0,0.98
38043,18.0,1.0,0.0,1.0,0.59
18418,84.0,4.0,2.0,7.0,
64377,11.0,,0.0,1.0,0.55
63424,66.0,3.0,1.0,5.0,0.83
53369,47.0,2.0,1.0,4.0,0.74
81121,66.0,,1.0,5.0,0.83
71069,40.0,2.0,1.0,3.0,0.7
64496,24.0,1.0,0.0,2.0,0.62
18161,62.0,3.0,1.0,5.0,0.81
37110,0.0,0.0,0.0,0.0,0.5
65069,75.0,,1.0,6.0,
61049,19.0,1.0,0.0,2.0,0.59
86556,83.0,4.0,2.0,,0.92
12560,22.0,1.0,0.0,2.0,0.61
85456,90.0,4.0,2.0,7.0,
59857,,2.0,1.0,3.0,0.7
72518,90.0,4.0,2.0,7.0,0.95
10772,0.0,0.0,0.0,0.0,0.5
56105,87.0,4.0,2.0,7.0,0.93
49139,,2.0,1.0,3.0,0.71
61116,47.0,2.0,1.0,4.0,0.74
64921,76.0,4.0,2.0,,0.88
80545,0.0,0.0,0.0,0.0,0.5
81582,33.0,2.0,1.0,3.0,0.66
89069,,0.0,,1.0,0.54
38906,,3.0,1.0,5.0,0.78
73993,0.0,0.0,0.0,0.0,0.5
38760,15.0,,0.0,1.0,0.58
45774,11.0,1.0,0.0,1.0,0.55
67125,89.0,4.0,2.0,7.0,0.94
73654,35.0,2.0,1.0,,0.68
13804,10.0,1.0,0.0,1.0,
60968,42.0,2.0,1.0,3.0,0.71
54057,3.0,0.0,0.0,0.0,
97670,1.0,0.0,,0.0,0.5
99016,71.0,4.0,1.0,6.0,0.85
62994,27.0,1.0,1.0,2.0,
31632,0.0,0.0,,0.0,0.5
71261,76.0,4.0,,6.0,0.88
26728,65.0,3.0,1.0,5.0,
91560,83.0,4.0,2.0,7.0,0.92
80008,66.0,3.0,,,0.83
13534,,4.0,2.0,7.0,0.94
61645,49.0,2.0,1.0,4.0,0.74
87580,23.0,,0.0,2.0,0.62
83975,23.0,1.0,0.0,2.0,0.61
96900,82.0,4.0,2.0,7.0,0.91
13552,22.0,1.0,,2.0,0.61
21003,67.0,3.0,1.0,5.0,0.84
94246,0.0,0.0,0.0,0.0,0.5
66179,70.0,3.0,1.0,6.0,0.85
27786,12.0,1.0,0.0,1.0,0.56
70515,35.0,,1.0,3.0,0.68
33819,0.0,0.0,0.0,0.0,0.5
16590,78.0,4.0,2.0,6.0,0.89
44099,73.0,4.0,1.0,6.0,0.87
59689,40.0,2.0,,3.0,0.7
52906,15.0,1.0,0.0,1.0,0.58
37742,54.0,3.0,1.0,4.0,0.77
69598,0.0,,0.0,0.0,0.5
52840,97.0,5.0,2.0,8.0,0.98
54236,42.0,2.0,1.0,3.0,0.71
59692,25.0,1.0,0.0,2.0,
46471,96.0,,2.0,8.0,0.98
65255,49.0,2.0,1.0,4.0,0.75
43065,59.0,3.0,1.0,5.0,0.79
20735,87.0,4.0,2.0,7.0,0.93
71644,35.0,,1.0,3.0,0.68
12540,,0.0,0.0,0.0,0.52
80702,,2.0,1.0,4.0,0.72
16826,84.0,4.0,2.0,,0.92
55870,,5.0,2.0,8.0,0.97
39389,35.0,2.0,1.0,3.0,0.68
95215,,5.0,2.0,8.0,0.98
18993,55.0,3.0,1.0,4.0,0.78
95426,27.0,1.0,1.0,,0.64
15276,60.0,3.0,1.0,5.0,0.8
14067,0.0,0.0,0.0,0.0,0.5
42411,64.0,3.0,1.0,5.0,0.82
36130,67.0,3.0,1.0,5.0,0.83
12671,14.0,1.0,0.0,1.0,0.57
91439,60.0,3.0,1.0,,0.8
29973,0.0,0.0,0.0,0.0,0.5
41266,7.0,0.0,0.0,1.0,0.53
26544,,2.0,1.0,4.0,0.74
72070,27.0,1.0,1.0,2.0,0.63
97747,95.0,,2.0,8.0,0.98
24993,0.0,0.0,,0.0,0.5
83920,88.0,4.0,2.0,7.0,0.94
38569,,2.0,1.0,4.0,0.73
70952,87.0,4.0,2.0,7.0,0.93
43586,0.0,,0.0,0.0,0.5
58351,28.0,1.0,1.0,2.0,0.64
31992,94.0,5.0,,7.0,0.97
89415,,0.0,,,0.51
89593,86.0,4.0,2.0,7.0,0.93
25012,83.0,4.0,2.0,7.0,0.91
31465,1.0,,0.0,0.0,0.5
50768,17.0,1.0,0.0,,0.58
85849,33.0,2.0,1.0,3.0,0.66
13365,92.0,5.0,2.0,7.0,0.96
50888,5.0,,,,0.53
85470,86.0,4.0,2.0,,0.93
98781,44.0,2.0,1.0,4.0,0.72
59192,25.0,1.0,1.0,2.0,0.63
61990,26.0,1.0,1.0,2.0,
35995,13.0,1.0,0.0,1.0,0.56
19961,84.0,4.0,2.0,7.0,0.92
87607,1.0,0.0,0.0,0.0,0.51
92213,91.0,5.0,2.0,7.0,0.95
41830,8.0,0.0,0.0,1.0,0.54
23356,11.0,1.0,0.0,1.0,0.56
49529,54.0,3.0,1.0,4.0,
99687,45.0,2.0,1.0,4.0,0.72
88697,0.0,0.0,0.0,0.0,0.5
25866,5.0,0.0,,0.0,0.53
84177,53.0,,1.0,4.0,0.76
15383,47.0,2.0,1.0,4.0,0.73
55508,36.0,2.0,,,
79827,44.0,,,4.0,0.72
66148,88.0,,2.0,7.0,0.94
96706,52.0,3.0,1.0,4.0,0.76
58571,82.0,4.0,2.0,7.0,0.91
19038,30.0,1.0,1.0,2.0,0.65
76317,91.0,,2.0,7.0,0.95
94874,45.0,2.0,1.0,4.0,0.73
54725,0.0,,0.0,0.0,0.5
11658,1.0,0.0,0.0,0.0,
65057,62.0,,1.0,5.0,0.81
74251,53.0,3.0,1.0,4.0,
23833,85.0,4.0,2.0,7.0,0.92
66822,,4.0,1.0,6.0,0.86
57472,29.0,1.0,1.0,2.0,0.64
93307,98.0,5.0,2.0,8.0,0.99
70258,45.0,2.0,,4.0,0.72
30052,15.0,1.0,0.0,1.0,0.57
67080,29.0,1.0,1.0,2.0,0.65
33086,99.0,5.0,2.0,8.0,0.99
78386,12.0,1.0,0.0,1.0,0.56
95256,88.0,4.0,2.0,7.0,0.94
45400,,4.0,2.0,6.0,0.9
90728,11.0,1.0,0.0,1.0,0.55
80539,89.0,4.0,2.0,7.0,0.94
73372,,3.0,1.0,5.0,
70931,40.0,2.0,,3.0,0.7
67091,73.0,,1.0,6.0,0.86
87656,66.0,3.0,1.0,5.0,0.83
45179,28.0,,1.0,2.0,0.64
52245,,,,1.0,0.54
42177,23.0,1.0,0.0,2.0,0.61
21359,46.0,2.0,,4.0,0.73
46559,77.0,4.0,2.0,,0.89
69087,0.0,0.0,0.0,0.0,0.5
41963,64.0,3.0,,5.0,0.82
70910,31.0,2.0,,,
84691,0.0,0.0,0.0,0.0,0.5
89997,56.0,3.0,1.0,4.0,0.78
97580,79.0,4.0,2.0,6.0,0.9
59674,55.0,3.0,1.0,4.0,0.78
54092,35.0,2.0,1.0,3.0,0.67
13761,2.0,0.0,0.0,0.0,0.51
74789,10.0,1.0,0.0,,0.55
52600,33.0,2.0,1.0,3.0,0.67
33834,50.0,3.0,1.0,4.0,0.75
73904,39.0,2.0,1.0,,0.7
37802,81.0,4.0,2.0,6.0,0.91
56507,47.0,2.0,1.0,4.0,0.73
43862,22.0,,0.0,2.0,0.61
54608,72.0,4.0,1.0,6.0,0.86
46655,47.0,2.0,1.0,4.0,0.73
88139,15.0,1.0,0.0,,0.57
46211,81.0,4.0,2.0,,0.91
82848,0.0,0.0,0.0,0.0,0.5
11330,32.0,2.0,1.0,3.0,0.66
77715,39.0,,1.0,3.0,0.69
35042,28.0,1.0,1.0,2.0,0.64
21221,99.0,5.0,2.0,8.0,1.0
41635,25.0,1.0,0.0,2.0,
63271,21.0,1.0,0.0,2.0,
74038,53.0,3.0,1.0,4.0,0.77
82768,67.0,3.0,1.0,5.0,
41499,55.0,3.0,1.0,4.0,0.78
72402,60.0,3.0,,5.0,0.8
94659,13.0,1.0,0.0,1.0,0.57
74332,19.0,1.0,0.0,1.0,0.59
68743,17.0,1.0,0.0,,0.58
12260,72.0,4.0,1.0,6.0,0.86
22196,3.0,0.0,0.0,0.0,0.51
48566,0.0,0.0,,0.0,0.5
39045,16.0,1.0,0.0,1.0,0.58
63005,79.0,4.0,2.0,6.0,0.89
41890,87.0,4.0,2.0,7.0,0.93
50135,73.0,4.0,1.0,6.0,0.86
97026,0.0,0.0,0.0,0.0,
86225,,5.0,2.0,8.0,1.0
58368,44.0,2.0,1.0,4.0,0.72
72031,0.0,0.0,,0.0,0.5
82544,30.0,2.0,1.0,2.0,0.65
79588,36.0,2.0,1.0,3.0,0.68
55056,14.0,1.0,0.0,1.0,0.57
65771,58.0,3.0,1.0,5.0,0.79
82140,30.0,,1.0,2.0,0.65
53357,0.0,0.0,0.0,0.0,0.5
56112,66.0,3.0,1.0,5.0,0.83
69473,88.0,4.0,2.0,7.0,0.94
45509,32.0,2.0,1.0,3.0,0.66
50189,2.0,0.0,0.0,0.0,0.51
42951,71.0,4.0,1.0,6.0,0.85
40217,44.0,2.0,1.0,4.0,0.72
25814,40.0,2.0,,3.0,0.7
35242,44.0,2.0,,4.0,0.72
51359,1.0,0.0,0.0,0.0,0.51
25670,0.0,0.0,0.0,0.0,0.5
80236,77.0,4.0,2.0,6.0,0.89
34267,42.0,2.0,1.0,3.0,0.71
35105,98.0,5.0,2.0,8.0,0.99
38361,66.0,3.0,1.0,5.0,0.83
73464,5.0,0.0,0.0,0.0,0.52
46241,63.0,3.0,,5.0,0.82
87278,7.0,,0.0,1.0,0.54
78765,,2.0,1.0,4.0,
88222,81.0,4.0,2.0,7.0,0.91
47093,0.0,0.0,0.0,0.0,0.5
23176,17.0,1.0,0.0,1.0,
35443,53.0,3.0,1.0,4.0,0.76
48829,40.0,2.0,1.0,3.0,0.7
39816,42.0,2.0,1.0,3.0,0.71
57301,0.0,0.0,0.0,0.0,0.5
33519,56.0,,1.0,5.0,0.78
49618,92.0,5.0,,7.0,0.96
11854,18.0,1.0,0.0,,0.59
26591,74.0,4.0,1.0,6.0,0.87
45954,61.0,3.0,,5.0,0.8
15965,31.0,2.0,1.0,2.0,0.65
17146,51.0,3.0,1.0,,0.76
82529,66.0,3.0,1.0,5.0,0.83
48290,60.0,3.0,1.0,5.0,0.8
26551,,2.0,1.0,3.0,0.7
93606,69.0,3.0,1.0,6.0,0.84
74340,90.0,5.0,2.0,7.0,
23446,77.0,4.0,2.0,6.0,0.88
11607,40.0,2.0,,3.0,0.7
85243,83.0,4.0,2.0,7.0,0.92
47268,17.0,1.0,0.0,1.0,
71524,80.0,4.0,2.0,6.0,0.9
72746,5.0,0.0,0.0,0.0,0.53
67733,70.0,4.0,1.0,6.0,0.85
54657,69.0,3.0,1.0,6.0,0.85
34164,3.0,0.0,0.0,0.0,0.52
16734,23.0,1.0,0.0,2.0,0.61
43092,25.0,1.0,1.0,2.0,
72616,34.0,2.0,1.0,3.0,0.67
24953,7.0,0.0,0.0,1.0,0.54
18564,,2.0,,4.0,0.74
62521,70.0,4.0,1.0,,
74454,29.0,1.0,1.0,2.0,0.64
19710,,2.0,,3.0,0.69
85631,99.0,5.0,2.0,8.0,1.0
92502,,4.0,1.0,6.0,0.86
99974,39.0,2.0,1.0,3.0,0.69
17026,89.0,4.0,,7.0,0.94
29887,9.0,0.0,0.0,1.0,0.54
29555,14.0,1.0,0.0,1.0,0.57
83772,0.0,0.0,,0.0,0.5
49824,99.0,5.0,2.0,8.0,1.0
21164,,2.0,1.0,3.0,0.69
42530,84.0,4.0,2.0,7.0,0.92
25525,,3.0,1.0,5.0,0.83
83147,42.0,2.0,1.0,3.0,0.71
64548,3.0,,0.0,0.0,0.51
89471,10.0,1.0,0.0,1.0,0.55
88135,47.0,2.0,1.0,4.0,0.74
91057,16.0,1.0,0.0,1.0,0.58
39581,90.0,5.0,2.0,,0.95
78494,52.0,3.0,1.0,4.0,
59856,16.0,1.0,0.0,1.0,0.58
69049,0.0,0.0,0.0,,0.5
68028,27.0,1.0,,2.0,0.64
48974,95.0,5.0,2.0,8.0,0.98
87139,,2.0,1.0,4.0,0.73
66207,8.0,0.0,0.0,1.0,0.54
50026,32.0,2.0,1.0,3.0,0.66
84531,14.0,1.0,0.0,1.0,0.57
91399,65.0,3.0,1.0,5.0,0.83
17894,35.0,2.0,1.0,3.0,0.67
89905,24.0,1.0,,2.0,0.62
23006,45.0,2.0,1.0,4.0,
37235,75.0,4.0,2.0,6.0,0.88
91987,35.0,2.0,1.0,3.0,
37659,44.0,,1.0,4.0,0.72
44687,23.0,1.0,0.0,2.0,0.62
96563,3.0,0.0,0.0,0.0,0.52
20641,,5.0,2.0,7.0,0.96
30585,67.0,3.0,1.0,5.0,0.84
41439,,0.0,0.0,0.0,
32782,51.0,3.0,1.0,4.0,0.76
82350,61.0,3.0,1.0,5.0,0.8
19838,0.0,0.0,0.0,0.0,0.5
30517,12.0,1.0,0.0,1.0,0.56
10350,0.0,0.0,0.0,0.0,0.5
63545,73.0,4.0,1.0,6.0,0.86
69048,,,0.0,0.0,0.5
87832,97.0,,2.0,8.0,0.98
71592,0.0,0.0,0.0,0.0,0.5
48175,93.0,5.0,2.0,7.0,0.97
14278,7.0,0.0,0.0,1.0,0.54
40340,76.0,4.0,2.0,6.0,0.88
47762,96.0,5.0,2.0,8.0,0.98
47056,91.0,5.0,2.0,,0.96
69510,65.0,3.0,1.0,5.0,
19329,80.0,4.0,2.0,6.0,0.9
40595,68.0,3.0,1.0,5.0,0.84
44675,,1.0,0.0,1.0,
91927,81.0,4.0,2.0,6.0,0.9
87304,54.0,3.0,1.0,4.0,0.77
96662,68.0,3.0,1.0,5.0,0.84
35928,5.0,0.0,0.0,0.0,0.53
65723,,4.0,1.0,6.0,0.86
25043,42.0,2.0,1.0,3.0,0.71
81376,,,,5.0,0.81
39466,88.0,4.0,2.0,7.0,0.94
94886,95.0,5.0,2.0,,0.98
29528,42.0,2.0,1.0,3.0,0.71
44816,0.0,0.0,0.0,,0.5
28643,50.0,2.0,,4.0,0.75
19359,84.0,4.0,2.0,7.0,0.92
17816,51.0,3.0,1.0,4.0,0.76
31747,85.0,4.0,2.0,7.0,0.93
50319,45.0,2.0,1.0,,0.72
87993,70.0,,,6.0,0.85
84607,40.0,,,3.0,0.7
47828,0.0,0.0,,0.0,0.5
67560,65.0,3.0,1.0,5.0,0.83
26299,94.0,5.0,2.0,8.0,0.97
71433,29.0,1.0,1.0,2.0,0.65
49857,19.0,1.0,0.0,2.0,0.6
62757,84.0,4.0,,7.0,0.92
45683,65.0,3.0,1.0,,0.82
75597,0.0,0.0,,,0.5
80776,93.0,,2.0,7.0,
74722,82.0,4.0,,7.0,0.91
67377,95.0,5.0,2.0,8.0,
20543,43.0,2.0,1.0,3.0,0.71
88385,85.0,,2.0,7.0,0.92
15224,85.0,4.0,2.0,7.0,0.92
66626,5.0,0.0,0.0,0.0,0.53
52247,92.0,5.0,2.0,7.0,0.96
89129,0.0,0.0,,0.0,0.5
42816,0.0,0.0,0.0,,0.5
13390,0.0,0.0,0.0,,0.5
21970,0.0,0.0,0.0,0.0,0.5
40005,80.0,4.0,2.0,6.0,
98381,68.0,,1.0,5.0,0.84
85392,3.0,0.0,0.0,0.0,0.51
86955,73.0,4.0,1.0,6.0,0.86
12719,69.0,3.0,1.0,5.0,
98117,15.0,1.0,0.0,1.0,0.58
45325,29.0,1.0,1.0,2.0,0.65
85529,8.0,,0.0,1.0,0.54
15273,42.0,2.0,1.0,3.0,0.71
32962,76.0,,2.0,6.0,0.88
71669,58.0,3.0,1.0,,0.79
78021,1.0,0.0,0.0,0.0,0.5
